,devendra,1234,31/10/2015,10000.0,200.0
,john,2134,3/12/2015,12321.0,246.42000000000002
,robin,2134,2/02/2015,23411.0,468.22
,devendra,1234,31/10/2015,10000.0,200.0
,john,2134,3/12/2015,12321.0,246.42000000000002
,robin,2134,2/02/2015,23411.0,468.22
,devendra,1234,31/10/2015,10000.0,200.0
,john,2134,3/12/2015,12321.0,246.42000000000002
,robin,2134,2/02/2015,23411.0,468.22
,devendra,1234,31/10/2015,10000.0,200.0
,john,2134,3/12/2015,12321.0,246.42000000000002
,robin,2134,2/02/2015,23411.0,468.22
,devendra,1234,31/10/2015,10000.0,200.0
,john,2134,3/12/2015,12321.0,246.42000000000002
,robin,2134,2/02/2015,23411.0,468.22
,devendra,1234,31/10/2015,10000.0,200.0
,john,2134,3/12/2015,12321.0,246.42000000000002
,robin,2134,2/02/2015,23411.0,468.22
,devendra,1234,31/10/2015,10000.0,200.0
,john,2134,3/12/2015,12321.0,246.42000000000002
,robin,2134,2/02/2015,23411.0,468.22
,devendra,1234,31/10/2015,10000.0,200.0
,john,2134,3/12/2015,12321.0,246.42000000000002
,robin,2134,2/02/2015,23411.0,468.22
,devendra,1234,31/10/2015,10000.0,200.0
,john,2134,3/12/2015,12321.0,246.42000000000002
,robin,2134,2/02/2015,23411.0,468.22
,devendra,1234,31/10/2015,10000.0,200.0
,john,2134,3/12/2015,12321.0,246.42000000000002
,robin,2134,2/02/2015,23411.0,468.22
,devendra,1234,31/10/2015,10000.0,200.0
,john,2134,3/12/2015,12321.0,246.42000000000002
,robin,2134,2/02/2015,23411.0,468.22
,devendra,1234,31/10/2015,10000.0,200.0
,john,2134,3/12/2015,12321.0,246.42000000000002
,robin,2134,2/02/2015,23411.0,468.22
,devendra,1234,31/10/2015,10000.0,200.0
,john,2134,3/12/2015,12321.0,246.42000000000002
,robin,2134,2/02/2015,23411.0,468.22
,devendra,1234,31/10/2015,10000.0,200.0
,john,2134,3/12/2015,12321.0,246.42000000000002
,robin,2134,2/02/2015,23411.0,468.22
,devendra,1234,31/10/2015,10000.0,200.0
,john,2134,3/12/2015,12321.0,246.42000000000002
,robin,2134,2/02/2015,23411.0,468.22
,devendra,1234,31/10/2015,10000.0,200.0
,john,2134,3/12/2015,12321.0,246.42000000000002
,robin,2134,2/02/2015,23411.0,468.22
